chromosome	start	end
2L	392243	392243
2L	491364	491364
2L	498822	498822
2L	518306	518306
2L	523610	523610
2L	526805	526805
2L	528151	528151
2L	534220	534220
2L	534285	534285
2L	534317	534317
2L	542371	542371
2L	542382	542382
2L	559887	559887
2L	560886	560886
2L	560901	560901
2L	568147	568147
2L	568288	568288
2L	568299	568299
2L	568304	568304
2L	568747	568747
2L	582910	582910
2L	583021	583021
2L	585357	585357
2L	600055	600055
2L	600441	600441
2L	617881	617881
2L	619691	619691
2L	630539	630539
2L	630614	630614
2L	641544	641544
2L	651725	651725
2L	651763	651763
2L	652198	652198
2L	652200	652200
2L	652215	652215
2L	652484	652484
2L	659192	659192
2L	659232	659232
2L	660589	660589
2L	665392	665392
2L	665428	665428
2L	665570	665570
2L	703700	703700
2L	729050	729050
2L	740187	740187
2L	740232	740232
2L	740253	740253
2L	740285	740285
2L	741817	741817
2L	743023	743023
2L	743122	743122
2L	743129	743129
2L	743159	743159
2L	743165	743165
2L	744789	744789
2L	745034	745034
2L	745490	745490
2L	746315	746315
2L	746353	746353
2L	746873	746873
2L	748888	748888
2L	752148	752148
2L	757772	757772
2L	761390	761390
2L	761391	761391
2L	767414	767414
2L	767657	767657
2L	768980	768980
2L	789589	789589
2L	793103	793103
2L	793306	793306
2L	799086	799086
2L	800739	800739
2L	800974	800974
2L	801067	801067
2L	801937	801937
2L	802168	802168
2L	802204	802204
2L	802208	802208
2L	802232	802232
2L	802233	802233
2L	802319	802319
2L	802815	802815
2L	803467	803467
2L	803471	803471
2L	803841	803841
2L	805811	805811
2L	808404	808404
2L	808426	808426
2L	824646	824646
2L	825130	825130
2L	826364	826364
2L	827738	827738
2L	830113	830113
2L	830783	830783
2L	830834	830834
2L	835565	835565
2L	836367	836367
2L	836391	836391
2L	839618	839618
2L	842072	842072
2L	846317	846317
2L	846344	846344
2L	846604	846604
2L	846608	846608
2L	848325	848325
2L	848341	848341
2L	848353	848353
2L	848406	848406
2L	848448	848448
2L	848462	848462
2L	848482	848482
2L	848591	848591
2L	848793	848793
2L	850007	850007
2L	850695	850695
2L	858786	858786
2L	882876	882876
2L	890191	890191
2L	890221	890221
2L	907467	907467
2L	907468	907468
2L	913153	913153
2L	913156	913156
2L	913189	913189
2L	913216	913216
2L	915014	915014
2L	920329	920329
2L	920902	920902
2L	920928	920928
2L	937921	937921
2L	939996	939996
2L	940873	940873
2L	947777	947777
2L	947887	947887
2L	947932	947932
2L	947970	947970
2L	948760	948760
2L	1048146	1048146
2L	1048151	1048151
2L	1058604	1058604
2L	1059126	1059126
2L	1059532	1059532
2L	1060504	1060504
2L	1060614	1060614
2L	1060618	1060618
2L	1060624	1060624
2L	1062828	1062828
2L	1062864	1062864
2L	1062995	1062995
2L	1063000	1063000
2L	1063018	1063018
2L	1065845	1065845
2L	1076124	1076124
2L	1078190	1078190
2L	1078364	1078364
2L	1080882	1080882
2L	1081369	1081369
2L	1081482	1081482
2L	1081560	1081560
2L	1082077	1082077
2L	1088686	1088686
2L	1118044	1118044
2L	1119216	1119216
2L	1119252	1119252
2L	1120252	1120252
2L	1128240	1128240
2L	1132238	1132238
2L	1133535	1133535
2L	1135101	1135101
2L	1135277	1135277
2L	1135515	1135515
2L	1135807	1135807
2L	1136293	1136293
2L	1145766	1145766
2L	1154507	1154507
2L	1176559	1176559
2L	1190943	1190943
2L	1193196	1193196
2L	1195440	1195440
2L	1196053	1196053
2L	1205062	1205062
2L	1217830	1217830
2L	1218367	1218367
2L	1231870	1231870
2L	1233961	1233961
2L	1234079	1234079
2L	1234633	1234633
2L	1249361	1249361
2L	1252831	1252831
2L	1252834	1252834
2L	1254049	1254049
2L	1254051	1254051
2L	1292532	1292532
2L	1755857	1755857
2L	1819570	1819570
2L	1834383	1834383
2L	2023040	2023040
2L	2023084	2023084
2L	2023899	2023899
2L	2050822	2050822
2L	2061743	2061743
2L	2064373	2064373
2L	2064866	2064866
2L	2064903	2064903
2L	2064915	2064915
2L	2064941	2064941
2L	2064947	2064947
2L	2064948	2064948
2L	2065215	2065215
2L	2065244	2065244
2L	2087572	2087572
2L	2185648	2185648
2L	2248666	2248666
2L	2248668	2248668
2L	2249031	2249031
2L	2252376	2252376
2L	2261651	2261651
2L	2348394	2348394
2L	2352100	2352100
2L	2356101	2356101
2L	2356102	2356102
2L	2356106	2356106
2L	2371842	2371842
2L	2392938	2392938
2L	2399615	2399615
2L	2399737	2399737
2L	2399882	2399882
2L	2414938	2414938
2L	2414974	2414974
2L	2420110	2420110
2L	2420759	2420759
2L	2422196	2422196
2L	2422250	2422250
2L	2436877	2436877
2L	2462814	2462814
2L	2462854	2462854
2L	2465184	2465184
2L	2473667	2473667
2L	2490391	2490391
2L	2500935	2500935
2L	2522025	2522025
2L	2527922	2527922
2L	2534155	2534155
2L	2534202	2534202
2L	2547827	2547827
2L	2556482	2556482
2L	2564414	2564414
2L	2585546	2585546
2L	2744360	2744360
2L	2744366	2744366
2L	2744376	2744376
2L	2920553	2920553
2L	2920947	2920947
2L	2937232	2937232
2L	2946793	2946793
2L	3957770	3957770
2L	3965019	3965019
2L	4254067	4254067
2L	4254068	4254068
2L	4349686	4349686
2L	4349836	4349836
2L	4772759	4772759
2L	5373858	5373858
2L	5374642	5374642
2L	5376467	5376467
2L	5376874	5376874
2L	5377848	5377848
2L	5383614	5383614
2L	5389274	5389274
2L	5389301	5389301
2L	5400379	5400379
2L	5413421	5413421
2L	5413429	5413429
2L	5413430	5413430
2L	5413461	5413461
2L	5413474	5413474
2L	5413498	5413498
2L	5413499	5413499
2L	5413501	5413501
2L	5414582	5414582
2L	5414753	5414753
2L	5417268	5417268
2L	5417431	5417431
2L	5427013	5427013
2L	5427035	5427035
2L	5427047	5427047
2L	5427123	5427123
2L	5427826	5427826
2L	5435464	5435464
2L	5435506	5435506
2L	5435642	5435642
2L	5435653	5435653
2L	5435678	5435678
2L	5435686	5435686
2L	5435711	5435711
2L	5435807	5435807
2L	5435841	5435841
2L	5435877	5435877
2L	5443750	5443750
2L	5443965	5443965
2L	5443980	5443980
2L	5444114	5444114
2L	5444213	5444213
2L	5445317	5445317
2L	5445357	5445357
2L	5445819	5445819
2L	5449783	5449783
2L	5449892	5449892
2L	5451415	5451415
2L	5451559	5451559
2L	5458527	5458527
2L	5459277	5459277
2L	5459601	5459601
2L	5459835	5459835
2L	5459838	5459838
2L	5460038	5460038
2L	5460086	5460086
2L	5460129	5460129
2L	5460329	5460329
2L	5460399	5460399
2L	5460407	5460407
2L	5462626	5462626
2L	5463019	5463019
2L	5463238	5463238
2L	5463825	5463825
2L	5465807	5465807
2L	5472989	5472989
2L	5472999	5472999
2L	5473053	5473053
2L	5473974	5473974
2L	5474838	5474838
2L	5474901	5474901
2L	5475153	5475153
2L	5475171	5475171
2L	5475259	5475259
2L	5475266	5475266
2L	5475347	5475347
2L	5475459	5475459
2L	5475474	5475474
2L	5475526	5475526
2L	5475528	5475528
2L	5475532	5475532
2L	5475563	5475563
2L	5475914	5475914
2L	5476072	5476072
2L	5476548	5476548
2L	5479332	5479332
2L	5479426	5479426
2L	5479431	5479431
2L	5479854	5479854
2L	5480111	5480111
2L	5480113	5480113
2L	5480120	5480120
2L	5480128	5480128
2L	5480168	5480168
2L	5480195	5480195
2L	5480212	5480212
2L	5480233	5480233
2L	5480249	5480249
2L	5480524	5480524
2L	5482852	5482852
2L	5483280	5483280
2L	5483628	5483628
2L	5485230	5485230
2L	5485248	5485248
2L	5486651	5486651
2L	5486855	5486855
2L	5486908	5486908
2L	5487526	5487526
2L	5487663	5487663
2L	5488646	5488646
2L	5489560	5489560
2L	5490974	5490974
2L	5491208	5491208
2L	5491383	5491383
2L	5491408	5491408
2L	5491504	5491504
2L	5491758	5491758
2L	5492519	5492519
2L	5493612	5493612
2L	5493627	5493627
2L	5493780	5493780
2L	5493926	5493926
2L	5493927	5493927
2L	5495144	5495144
2L	5495742	5495742
2L	5501757	5501757
2L	5504846	5504846
2L	5505129	5505129
2L	5505250	5505250
2L	5505297	5505297
2L	5505302	5505302
2L	5505311	5505311
2L	5505318	5505318
2L	5505319	5505319
2L	5505352	5505352
2L	5505355	5505355
2L	5505359	5505359
2L	5506895	5506895
2L	5508104	5508104
2L	5508120	5508120
2L	5508123	5508123
2L	5508125	5508125
2L	5508331	5508331
2L	5508730	5508730
2L	5509051	5509051
2L	5509053	5509053
2L	5511302	5511302
2L	5511455	5511455
2L	5513470	5513470
2L	5518444	5518444
2L	5518474	5518474
2L	5518525	5518525
2L	5518555	5518555
2L	5518693	5518693
2L	5518780	5518780
2L	5518881	5518881
2L	5518957	5518957
2L	5520050	5520050
2L	5520187	5520187
2L	5521074	5521074
2L	5521387	5521387
2L	5521471	5521471
2L	5521641	5521641
2L	5521711	5521711
2L	5522435	5522435
2L	5525099	5525099
2L	5525303	5525303
2L	5525460	5525460
2L	5525580	5525580
2L	5525633	5525633
2L	5526134	5526134
2L	5526257	5526257
2L	5526345	5526345
2L	5526359	5526359
2L	5526371	5526371
2L	5526401	5526401
2L	5526416	5526416
2L	5526461	5526461
2L	5526705	5526705
2L	5526717	5526717
2L	5526743	5526743
2L	5526826	5526826
2L	5526927	5526927
2L	5526960	5526960
2L	5526976	5526976
2L	5526991	5526991
2L	5527037	5527037
2L	5527094	5527094
2L	5527098	5527098
2L	5528461	5528461
2L	5528634	5528634
2L	5529234	5529234
2L	5543816	5543816
2L	5543834	5543834
2L	5543850	5543850
2L	5544154	5544154
2L	5546725	5546725
2L	5552117	5552117
2L	5552871	5552871
2L	5556123	5556123
2L	5557116	5557116
2L	5561086	5561086
2L	5562457	5562457
2L	5563379	5563379
2L	5572774	5572774
2L	5573790	5573790
2L	5575489	5575489
2L	5576107	5576107
2L	5576112	5576112
2L	5576387	5576387
2L	5577073	5577073
2L	5577208	5577208
2L	5577215	5577215
2L	5577259	5577259
2L	5577269	5577269
2L	5585163	5585163
2L	5593628	5593628
2L	5597922	5597922
2L	5598643	5598643
2L	5598680	5598680
2L	5600730	5600730
2L	5600786	5600786
2L	5600791	5600791
2L	5600793	5600793
2L	5600811	5600811
2L	5602646	5602646
2L	5602647	5602647
2L	5603818	5603818
2L	5604307	5604307
2L	5604691	5604691
2L	5605830	5605830
2L	5605903	5605903
2L	5606022	5606022
2L	5606058	5606058
2L	5606176	5606176
2L	5606182	5606182
2L	5606797	5606797
2L	5607397	5607397
2L	5607425	5607425
2L	5607782	5607782
2L	5607786	5607786
2L	5607808	5607808
2L	5607813	5607813
2L	5607926	5607926
2L	5609246	5609246
2L	5612207	5612207
2L	5612209	5612209
2L	5617460	5617460
2L	5617658	5617658
2L	5618697	5618697
2L	5620373	5620373
2L	5620831	5620831
2L	5622113	5622113
2L	5622316	5622316
2L	5622742	5622742
2L	5622769	5622769
2L	5622995	5622995
2L	5623094	5623094
2L	5623164	5623164
2L	5628199	5628199
2L	5628201	5628201
2L	5635304	5635304
2L	5640688	5640688
2L	5640780	5640780
2L	5643589	5643589
2L	5643590	5643590
2L	5643618	5643618
2L	5643718	5643718
2L	5645385	5645385
2L	5645388	5645388
2L	5650050	5650050
2L	5650542	5650542
2L	5656304	5656304
2L	5657927	5657927
2L	5658828	5658828
2L	5658829	5658829
2L	5660416	5660416
2L	5661583	5661583
2L	5662747	5662747
2L	5665783	5665783
2L	5666093	5666093
2L	5668409	5668409
2L	5668487	5668487
2L	5670982	5670982
2L	5671425	5671425
2L	5673545	5673545
2L	5673727	5673727
2L	5674702	5674702
2L	5674705	5674705
2L	5674728	5674728
2L	5674742	5674742
2L	5677737	5677737
2L	5679295	5679295
2L	5682132	5682132
2L	5682595	5682595
2L	5689215	5689215
2L	5689225	5689225
2L	5689355	5689355
2L	5689758	5689758
2L	5689780	5689780
2L	5690177	5690177
2L	5691138	5691138
2L	5708165	5708165
2L	5708796	5708796
2L	5709217	5709217
2L	5709628	5709628
2L	5709900	5709900
2L	5709920	5709920
2L	5715553	5715553
2L	5715603	5715603
2L	5715716	5715716
2L	5715797	5715797
2L	5715803	5715803
2L	5715824	5715824
2L	5715836	5715836
2L	5715837	5715837
2L	5715857	5715857
2L	5715935	5715935
2L	5716040	5716040
2L	5716184	5716184
2L	5722556	5722556
2L	5722689	5722689
2L	5722710	5722710
2L	5722756	5722756
2L	5730463	5730463
2L	5730528	5730528
2L	5730556	5730556
2L	5730572	5730572
2L	5730578	5730578
2L	5730583	5730583
2L	5730589	5730589
2L	5730591	5730591
2L	5730614	5730614
2L	5730619	5730619
2L	5730738	5730738
2L	5730854	5730854
2L	5731282	5731282
2L	5732775	5732775
2L	5735296	5735296
2L	5739339	5739339
2L	5749057	5749057
2L	5749159	5749159
2L	5756676	5756676
2L	5759129	5759129
2L	5759634	5759634
2L	5763991	5763991
2L	5764003	5764003
2L	5764015	5764015
2L	5764024	5764024
2L	5764216	5764216
2L	5764221	5764221
2L	5764289	5764289
2L	5764366	5764366
2L	5764370	5764370
2L	5766439	5766439
2L	5766991	5766991
2L	5772721	5772721
2L	5772730	5772730
2L	5777003	5777003
2L	5779024	5779024
2L	5779424	5779424
2L	5779666	5779666
2L	5779761	5779761
2L	5779770	5779770
2L	5779781	5779781
2L	5779792	5779792
2L	5779873	5779873
2L	5779961	5779961
2L	5779968	5779968
2L	5780103	5780103
2L	5780187	5780187
2L	5780331	5780331
2L	5780365	5780365
2L	5780405	5780405
2L	5780427	5780427
2L	5780487	5780487
2L	5780488	5780488
2L	5780489	5780489
2L	5780669	5780669
2L	6097216	6097216
2L	6097305	6097305
2L	6097320	6097320
2L	6097387	6097387
2L	6097580	6097580
2L	6097613	6097613
2L	6097907	6097907
2L	6098000	6098000
2L	6098093	6098093
2L	6098483	6098483
2L	6098867	6098867
2L	6098953	6098953
2L	6099007	6099007
2L	6099331	6099331
2L	6120677	6120677
2L	6120765	6120765
2L	6120767	6120767
2L	6120885	6120885
2L	6121113	6121113
2L	6121178	6121178
2L	6123318	6123318
2L	6127663	6127663
2L	6127807	6127807
2L	6127842	6127842
2L	6127865	6127865
2L	6131207	6131207
2L	6132069	6132069
2L	6132073	6132073
2L	6132076	6132076
2L	6132579	6132579
2L	6132604	6132604
2L	6132610	6132610
2L	6132861	6132861
2L	6132935	6132935
2L	6140301	6140301
2L	6141507	6141507
2L	6144006	6144006
2L	6149148	6149148
2L	6158863	6158863
2L	6167960	6167960
2L	6182567	6182567
2L	6182644	6182644
2L	6182833	6182833
2L	6186881	6186881
2L	6187018	6187018
2L	6192257	6192257
2L	6194242	6194242
2L	6196189	6196189
2L	6531404	6531404
2L	7075529	7075529
2L	7076855	7076855
2L	7085746	7085746
2L	7094535	7094535
2L	7102491	7102491
2L	7103068	7103068
2L	7103183	7103183
2L	7103197	7103197
2L	7103204	7103204
2L	7103210	7103210
2L	7106046	7106046
2L	7106071	7106071
2L	7136548	7136548
2L	7136550	7136550
2L	8941793	8941793
2L	8942003	8942003
2L	8943954	8943954
2L	8997680	8997680
2L	9042253	9042253
2L	9110093	9110093
2L	9607867	9607867
2L	9607871	9607871
2L	9607924	9607924
2L	9607982	9607982
2L	9608215	9608215
2L	9608323	9608323
2L	9608411	9608411
2L	9609404	9609404
2L	9620177	9620177
2L	9624934	9624934
2L	9624949	9624949
2L	9624967	9624967
2L	9624991	9624991
2L	9625084	9625084
2L	9625108	9625108
2L	9625129	9625129
2L	9625155	9625155
2L	9625185	9625185
2L	9625246	9625246
2L	9625289	9625289
2L	9625755	9625755
2L	9625860	9625860
2L	9625931	9625931
2L	9625968	9625968
2L	9625973	9625973
2L	9626015	9626015
2L	9626025	9626025
2L	9626097	9626097
2L	9626253	9626253
2L	9626601	9626601
2L	9633603	9633603
2L	9636262	9636262
2L	9637958	9637958
2L	9637967	9637967
2L	9638441	9638441
2L	9639159	9639159
2L	9639181	9639181
2L	9639603	9639603
2L	9641313	9641313
2L	9641674	9641674
2L	9645751	9645751
2L	9647708	9647708
2L	9648086	9648086
2L	9648206	9648206
2L	9648209	9648209
2L	9648956	9648956
2L	9649687	9649687
2L	9649744	9649744
2L	9649822	9649822
2L	9650227	9650227
2L	9650326	9650326
2L	9654352	9654352
2L	9654786	9654786
2L	9654850	9654850
2L	9654940	9654940
2L	9655033	9655033
2L	9655034	9655034
2L	9655074	9655074
2L	9655075	9655075
2L	9655076	9655076
2L	9655505	9655505
2L	9655556	9655556
2L	9655650	9655650
2L	9655652	9655652
2L	9655760	9655760
2L	9655822	9655822
2L	9656828	9656828
2L	9656980	9656980
2L	9656983	9656983
2L	9657411	9657411
2L	9657519	9657519
2L	9658871	9658871
2L	9658876	9658876
2L	9658881	9658881
2L	9659150	9659150
2L	9662198	9662198
2L	9662276	9662276
2L	9662277	9662277
2L	9662359	9662359
2L	9669734	9669734
2L	9669772	9669772
2L	9670330	9670330
2L	9671843	9671843
2L	9672275	9672275
2L	9673011	9673011
2L	9673219	9673219
2L	9673299	9673299
2L	9673659	9673659
2L	9673660	9673660
2L	9674796	9674796
2L	9674818	9674818
2L	9674821	9674821
2L	9674822	9674822
2L	9674823	9674823
2L	9674838	9674838
2L	9676114	9676114
2L	9676134	9676134
2L	9676137	9676137
2L	9676237	9676237
2L	9677527	9677527
2L	9677547	9677547
2L	9677633	9677633
2L	9679066	9679066
2L	9679240	9679240
2L	9679252	9679252
2L	9679882	9679882
2L	9696769	9696769
2L	9696772	9696772
2L	9696790	9696790
2L	9696877	9696877
2L	9697039	9697039
2L	9697321	9697321
2L	9701735	9701735
2L	9701750	9701750
2L	9701831	9701831
2L	9702710	9702710
2L	9704792	9704792
2L	9705907	9705907
2L	9708015	9708015
2L	9718871	9718871
2L	9718889	9718889
2L	9719430	9719430
2L	9719438	9719438
2L	9719439	9719439
2L	9721293	9721293
2L	9721413	9721413
2L	9722693	9722693
2L	9724363	9724363
2L	9724388	9724388
2L	9728576	9728576
2L	9731873	9731873
2L	9731885	9731885
2L	9731887	9731887
2L	9731889	9731889
2L	9731891	9731891
2L	9746775	9746775
2L	9747129	9747129
2L	9747134	9747134
2L	9754815	9754815
2L	9786316	9786316
2L	10258902	10258902
2L	15152973	15152973
2L	16293234	16293234
2L	16363245	16363245
2L	16363635	16363635
2L	16427154	16427154
2L	17102196	17102196
2L	17102197	17102197
2L	17137852	17137852
2L	17137879	17137879
2L	17198836	17198836
2L	18485524	18485524
2L	18614782	18614782
2L	18622417	18622417
2L	18622588	18622588
2L	18622622	18622622
2L	18741053	18741053
2L	18742168	18742168
2L	18766424	18766424
2L	18773221	18773221
2L	18904006	18904006
2L	19042780	19042780
2L	19043743	19043743
2L	19047635	19047635
2R	5114409	5114409
2R	5114455	5114455
2R	5125675	5125675
2R	5322489	5322489
2R	5332677	5332677
2R	5356135	5356135
2R	5452952	5452952
2R	5455614	5455614
2R	5455918	5455918
2R	5472925	5472925
2R	5504253	5504253
2R	5540281	5540281
2R	5542971	5542971
2R	5547297	5547297
2R	5547337	5547337
2R	5547981	5547981
2R	5548128	5548128
2R	5550114	5550114
2R	5550697	5550697
2R	5580370	5580370
2R	5601184	5601184
2R	5603136	5603136
2R	5644577	5644577
2R	5648064	5648064
2R	5658232	5658232
2R	5658266	5658266
2R	5662596	5662596
2R	5669026	5669026
2R	5674450	5674450
2R	5677858	5677858
2R	5808785	5808785
2R	5821090	5821090
2R	5821175	5821175
2R	5821929	5821929
2R	5838911	5838911
2R	5877392	5877392
2R	6028432	6028432
2R	6032492	6032492
2R	6035107	6035107
2R	6035108	6035108
2R	6035117	6035117
2R	6039502	6039502
2R	6039610	6039610
2R	6039643	6039643
2R	6060748	6060748
2R	6178665	6178665
2R	6536242	6536242
2R	6547988	6547988
2R	6586024	6586024
2R	6613579	6613579
2R	6613587	6613587
2R	6613591	6613591
2R	6618794	6618794
2R	6849212	6849212
2R	6892636	6892636
2R	6892638	6892638
2R	6943555	6943555
2R	7152591	7152591
2R	7350418	7350418
2R	7372995	7372995
2R	7713101	7713101
2R	7910505	7910505
2R	7910577	7910577
2R	8139048	8139048
2R	8139062	8139062
2R	8157865	8157865
2R	8206858	8206858
2R	8213428	8213428
2R	8257236	8257236
2R	8282389	8282389
2R	8282558	8282558
2R	8359446	8359446
2R	8418791	8418791
2R	8445143	8445143
2R	8464671	8464671
2R	8498545	8498545
2R	8511036	8511036
2R	8511117	8511117
2R	8511170	8511170
2R	8511523	8511523
2R	8511972	8511972
2R	8513001	8513001
2R	8538808	8538808
2R	8546202	8546202
2R	8578236	8578236
2R	8578283	8578283
2R	8579429	8579429
2R	8664438	8664438
2R	8664513	8664513
2R	8664563	8664563
2R	8664565	8664565
2R	8664571	8664571
2R	8664572	8664572
2R	8716985	8716985
2R	8717374	8717374
2R	8726390	8726390
2R	8726550	8726550
2R	8736930	8736930
2R	8737708	8737708
2R	8737767	8737767
2R	8741827	8741827
2R	8773857	8773857
2R	8773879	8773879
2R	8974809	8974809
2R	8985533	8985533
2R	9005895	9005895
2R	9008404	9008404
2R	9030961	9030961
2R	9031293	9031293
2R	9367515	9367515
2R	9376909	9376909
2R	9405339	9405339
2R	9410819	9410819
2R	9451120	9451120
2R	9451129	9451129
2R	9451132	9451132
2R	10797593	10797593
2R	11405690	11405690
2R	12442382	12442382
2R	12467883	12467883
2R	12467892	12467892
2R	12468685	12468685
2R	12468902	12468902
2R	12469045	12469045
2R	12469106	12469106
2R	12469195	12469195
2R	12469226	12469226
2R	12469261	12469261
2R	12469441	12469441
2R	12470258	12470258
2R	12470525	12470525
2R	12470567	12470567
2R	12470573	12470573
2R	12470693	12470693
2R	12470714	12470714
2R	12470715	12470715
2R	12471190	12471190
2R	12471218	12471218
2R	12471273	12471273
2R	12474835	12474835
2R	12496860	12496860
2R	12496894	12496894
2R	12504159	12504159
2R	12505962	12505962
2R	12505964	12505964
2R	12513688	12513688
2R	12516304	12516304
2R	12523637	12523637
2R	12529086	12529086
2R	12530548	12530548
2R	12531299	12531299
2R	12543724	12543724
2R	12543913	12543913
2R	12550863	12550863
2R	12553110	12553110
2R	12553126	12553126
2R	12553127	12553127
2R	12555049	12555049
2R	12562771	12562771
2R	12563405	12563405
2R	12565426	12565426
2R	12576725	12576725
2R	12577092	12577092
2R	12599480	12599480
2R	12615680	12615680
2R	12768190	12768190
2R	12776820	12776820
2R	12776831	12776831
2R	12777062	12777062
2R	12780581	12780581
2R	12788742	12788742
2R	12799205	12799205
2R	12799243	12799243
2R	12799252	12799252
2R	12799319	12799319
2R	12803443	12803443
2R	12805989	12805989
2R	12831083	12831083
2R	12831132	12831132
2R	12843459	12843459
2R	12843462	12843462
2R	12843480	12843480
2R	12889887	12889887
2R	13130482	13130482
2R	13130500	13130500
2R	15606274	15606274
2R	22087548	22087548
2R	22166165	22166165
2R	22198570	22198570
3L	1047132	1047132
3L	1091748	1091748
3L	1097354	1097354
3L	1097359	1097359
3L	1098564	1098564
3L	1099215	1099215
3L	1099350	1099350
3L	1099791	1099791
3L	1102041	1102041
3L	1102080	1102080
3L	1103023	1103023
3L	1103279	1103279
3L	1104033	1104033
3L	1104399	1104399
3L	1104865	1104865
3L	1106027	1106027
3L	1106355	1106355
3L	1106455	1106455
3L	1106508	1106508
3L	1106633	1106633
3L	1106935	1106935
3L	1107902	1107902
3L	1108159	1108159
3L	1108192	1108192
3L	1108249	1108249
3L	1109506	1109506
3L	1109535	1109535
3L	1109557	1109557
3L	1109786	1109786
3L	1111132	1111132
3L	1111789	1111789
3L	1113622	1113622
3L	1113639	1113639
3L	1113668	1113668
3L	1113677	1113677
3L	1114044	1114044
3L	1114205	1114205
3L	1114755	1114755
3L	1114761	1114761
3L	1114932	1114932
3L	1115707	1115707
3L	1115711	1115711
3L	1118257	1118257
3L	1118369	1118369
3L	1118372	1118372
3L	1118679	1118679
3L	1118680	1118680
3L	1119096	1119096
3L	1119580	1119580
3L	1119765	1119765
3L	1119934	1119934
3L	1120078	1120078
3L	1120081	1120081
3L	1120086	1120086
3L	1120459	1120459
3L	1121064	1121064
3L	1121761	1121761
3L	1123195	1123195
3L	1124381	1124381
3L	1124382	1124382
3L	1124408	1124408
3L	1124440	1124440
3L	1124577	1124577
3L	1124683	1124683
3L	1124935	1124935
3L	1125811	1125811
3L	1126441	1126441
3L	1127911	1127911
3L	1128119	1128119
3L	1978876	1978876
3L	2113850	2113850
3L	2119493	2119493
3L	2139289	2139289
3L	4058306	4058306
3L	4065185	4065185
3L	4065727	4065727
3L	4071028	4071028
3L	4076380	4076380
3L	4077218	4077218
3L	4077416	4077416
3L	4077420	4077420
3L	4077600	4077600
3L	4078137	4078137
3L	4078236	4078236
3L	4081263	4081263
3L	4087619	4087619
3L	4089604	4089604
3L	4089609	4089609
3L	4090371	4090371
3L	4095713	4095713
3L	4095716	4095716
3L	4097018	4097018
3L	4097076	4097076
3L	4097179	4097179
3L	4098618	4098618
3L	4099518	4099518
3L	4100705	4100705
3L	4100864	4100864
3L	4101257	4101257
3L	4103164	4103164
3L	4103512	4103512
3L	4103707	4103707
3L	4111175	4111175
3L	4111217	4111217
3L	4111283	4111283
3L	4111697	4111697
3L	4112140	4112140
3L	4112158	4112158
3L	4112250	4112250
3L	4114543	4114543
3L	4115017	4115017
3L	4124857	4124857
3L	4136262	4136262
3L	4138632	4138632
3L	4143002	4143002
3L	4151561	4151561
3L	4162922	4162922
3L	5056225	5056225
3L	5379508	5379508
3L	6283407	6283407
3L	6283411	6283411
3L	6357426	6357426
3L	8202917	8202917
3L	8203535	8203535
3L	8204554	8204554
3L	8205325	8205325
3L	8207716	8207716
3L	8209893	8209893
3L	8210143	8210143
3L	8210422	8210422
3L	8211591	8211591
3L	8211685	8211685
3L	8214609	8214609
3L	8214783	8214783
3L	8215019	8215019
3L	8215723	8215723
3L	8217554	8217554
3L	8218186	8218186
3L	8218193	8218193
3L	8218209	8218209
3L	8218225	8218225
3L	8218230	8218230
3L	8219426	8219426
3L	8219438	8219438
3L	8219456	8219456
3L	8219461	8219461
3L	8219473	8219473
3L	8219505	8219505
3L	8219533	8219533
3L	8219551	8219551
3L	8219584	8219584
3L	8220326	8220326
3L	8220580	8220580
3L	8220688	8220688
3L	8221015	8221015
3L	8221722	8221722
3L	8222185	8222185
3L	8222195	8222195
3L	8222259	8222259
3L	8223107	8223107
3L	8223563	8223563
3L	8223619	8223619
3L	8226609	8226609
3L	8226646	8226646
3L	8226652	8226652
3L	8226684	8226684
3L	8226843	8226843
3L	8226853	8226853
3L	8227031	8227031
3L	8227035	8227035
3L	8227057	8227057
3L	8228139	8228139
3L	8230069	8230069
3L	8230104	8230104
3L	8230382	8230382
3L	8230604	8230604
3L	8230606	8230606
3L	8232512	8232512
3L	8232513	8232513
3L	8232617	8232617
3L	8238954	8238954
3L	8239131	8239131
3L	8239785	8239785
3L	8241720	8241720
3L	8243451	8243451
3L	8243895	8243895
3L	8246512	8246512
3L	8246566	8246566
3L	8246956	8246956
3L	8248169	8248169
3L	8248271	8248271
3L	8249818	8249818
3L	8249860	8249860
3L	8250020	8250020
3L	8250021	8250021
3L	8251025	8251025
3L	8251249	8251249
3L	8251351	8251351
3L	8251575	8251575
3L	8251844	8251844
3L	8252406	8252406
3L	8252417	8252417
3L	8252665	8252665
3L	8252838	8252838
3L	8253914	8253914
3L	8256503	8256503
3L	8256514	8256514
3L	8257838	8257838
3L	8258199	8258199
3L	8258378	8258378
3L	8259520	8259520
3L	8259533	8259533
3L	8259537	8259537
3L	8260181	8260181
3L	8261146	8261146
3L	8261168	8261168
3L	8261178	8261178
3L	8261181	8261181
3L	8261215	8261215
3L	8261816	8261816
3L	8262310	8262310
3L	8262340	8262340
3L	8262574	8262574
3L	8262802	8262802
3L	8263159	8263159
3L	8263166	8263166
3L	8263244	8263244
3L	8263495	8263495
3L	8263500	8263500
3L	8263605	8263605
3L	8263657	8263657
3L	8264673	8264673
3L	8265859	8265859
3L	8266295	8266295
3L	8266470	8266470
3L	8266484	8266484
3L	8266718	8266718
3L	8267514	8267514
3L	8267743	8267743
3L	8267771	8267771
3L	8267783	8267783
3L	8267972	8267972
3L	8268031	8268031
3L	8268158	8268158
3L	8269286	8269286
3L	8269287	8269287
3L	8269446	8269446
3L	8269653	8269653
3L	8270400	8270400
3L	8370857	8370857
3L	8378344	8378344
3L	8383142	8383142
3L	8383502	8383502
3L	8384647	8384647
3L	8385111	8385111
3L	8385700	8385700
3L	8390441	8390441
3L	8394950	8394950
3L	8396217	8396217
3L	8396660	8396660
3L	8396811	8396811
3L	8398421	8398421
3L	8398465	8398465
3L	8398466	8398466
3L	8399915	8399915
3L	8401671	8401671
3L	8403712	8403712
3L	8404091	8404091
3L	8404251	8404251
3L	8404314	8404314
3L	8404631	8404631
3L	8405138	8405138
3L	8405420	8405420
3L	8405872	8405872
3L	8405977	8405977
3L	8405990	8405990
3L	8405991	8405991
3L	8405992	8405992
3L	8406015	8406015
3L	8406022	8406022
3L	8406095	8406095
3L	8406310	8406310
3L	8406355	8406355
3L	8406378	8406378
3L	8406401	8406401
3L	8406433	8406433
3L	8412996	8412996
3L	8413098	8413098
3L	8529737	8529737
3L	8594370	8594370
3L	8594373	8594373
3L	8594376	8594376
3L	8594388	8594388
3L	8611228	8611228
3L	8618879	8618879
3L	8618880	8618880
3L	8641109	8641109
3L	8641110	8641110
3L	8641114	8641114
3L	8642755	8642755
3L	8642997	8642997
3L	8643003	8643003
3L	8645119	8645119
3L	8650737	8650737
3L	8663748	8663748
3L	9400084	9400084
3L	10351806	10351806
3L	10617417	10617417
3L	10617425	10617425
3L	10924362	10924362
3L	11956988	11956988
3L	11957033	11957033
3L	14564225	14564225
3L	14603144	14603144
3L	14610548	14610548
3L	14610551	14610551
3L	14610555	14610555
3L	14610558	14610558
3L	14610569	14610569
3L	14638223	14638223
3L	14686716	14686716
3L	14696027	14696027
3L	15614333	15614333
3L	15614358	15614358
3L	15614359	15614359
3L	15614377	15614377
3L	15614658	15614658
3L	15614731	15614731
3L	15615437	15615437
3L	15615862	15615862
3L	15615870	15615870
3L	15616242	15616242
3L	15616247	15616247
3L	15616520	15616520
3L	15616521	15616521
3L	15616525	15616525
3L	15616604	15616604
3L	15616811	15616811
3L	15616812	15616812
3L	15616872	15616872
3L	15616904	15616904
3L	15616924	15616924
3L	15617644	15617644
3L	15618585	15618585
3L	15618661	15618661
3L	15618662	15618662
3L	15618914	15618914
3L	15619431	15619431
3L	15619452	15619452
3L	15619454	15619454
3L	15619470	15619470
3L	15620620	15620620
3L	15620875	15620875
3L	15620888	15620888
3L	15621084	15621084
3L	15621509	15621509
3L	15622231	15622231
3L	15622357	15622357
3L	15625232	15625232
3L	15625423	15625423
3L	15625495	15625495
3L	15625520	15625520
3L	15627484	15627484
3L	15629108	15629108
3L	15629857	15629857
3L	15629922	15629922
3L	15637140	15637140
3L	15637144	15637144
3L	15637191	15637191
3L	15638212	15638212
3L	15638396	15638396
3L	15638408	15638408
3L	15640243	15640243
3L	15640502	15640502
3L	15640682	15640682
3L	15641710	15641710
3L	15641711	15641711
3L	15641713	15641713
3L	15641726	15641726
3L	15641806	15641806
3L	15641821	15641821
3L	15641890	15641890
3L	15641894	15641894
3L	15641918	15641918
3L	15642072	15642072
3L	15642436	15642436
3L	15643715	15643715
3L	15643846	15643846
3L	15643856	15643856
3L	15644048	15644048
3L	15644475	15644475
3L	15644495	15644495
3L	15654443	15654443
3L	15654447	15654447
3L	15655787	15655787
3L	15655904	15655904
3L	15661634	15661634
3L	15663191	15663191
3L	15663199	15663199
3L	15666569	15666569
3L	15666650	15666650
3L	15666922	15666922
3L	15667032	15667032
3L	15667467	15667467
3L	15667470	15667470
3L	15669509	15669509
3L	15670970	15670970
3L	15672920	15672920
3L	15676819	15676819
3L	15677735	15677735
3L	15677980	15677980
3L	15679490	15679490
3L	15679948	15679948
3L	15680221	15680221
3L	15680242	15680242
3L	15680246	15680246
3L	15680255	15680255
3L	15680262	15680262
3L	15686534	15686534
3L	15687279	15687279
3L	15687359	15687359
3L	15688700	15688700
3L	15689119	15689119
3L	15689200	15689200
3L	15695528	15695528
3L	15695804	15695804
3L	15698241	15698241
3L	15699389	15699389
3L	15699429	15699429
3L	15700010	15700010
3L	15700371	15700371
3L	15702122	15702122
3L	15702271	15702271
3L	15703439	15703439
3L	15703833	15703833
3L	15704831	15704831
3L	15709397	15709397
3L	15709421	15709421
3L	15709423	15709423
3L	15709426	15709426
3L	15709895	15709895
3L	15711409	15711409
3L	15713593	15713593
3L	15714584	15714584
3L	15714593	15714593
3L	15715342	15715342
3L	15720486	15720486
3L	15720582	15720582
3L	15720583	15720583
3L	15720609	15720609
3L	15720636	15720636
3L	15720642	15720642
3L	15720660	15720660
3L	15720670	15720670
3L	15720683	15720683
3L	15720690	15720690
3L	15720723	15720723
3L	15722257	15722257
3L	15724459	15724459
3L	15726691	15726691
3L	15728818	15728818
3L	15728822	15728822
3L	15730748	15730748
3L	15733647	15733647
3L	15733648	15733648
3L	15733759	15733759
3L	15735132	15735132
3L	15735378	15735378
3L	15735449	15735449
3L	15735762	15735762
3L	15735920	15735920
3L	15737712	15737712
3L	15740931	15740931
3L	15741231	15741231
3L	15741313	15741313
3L	15741327	15741327
3L	15741357	15741357
3L	15741418	15741418
3L	15741427	15741427
3L	15741445	15741445
3L	15741460	15741460
3L	15741471	15741471
3L	15741889	15741889
3L	15752418	15752418
3L	15754186	15754186
3L	15754541	15754541
3L	15754676	15754676
3L	15755743	15755743
3L	15758684	15758684
3L	15759791	15759791
3L	15760385	15760385
3L	15760440	15760440
3L	15760452	15760452
3L	15760593	15760593
3L	15760691	15760691
3L	15760734	15760734
3L	15760770	15760770
3L	15760875	15760875
3L	15760878	15760878
3L	15760898	15760898
3L	15760973	15760973
3L	15761299	15761299
3L	15761407	15761407
3L	15763304	15763304
3L	15764757	15764757
3L	15768335	15768335
3L	15768506	15768506
3L	15769036	15769036
3L	15769093	15769093
3L	15770339	15770339
3L	15772172	15772172
3L	15772283	15772283
3L	15772363	15772363
3L	15773100	15773100
3L	15775901	15775901
3L	15776645	15776645
3L	15778143	15778143
3L	15779577	15779577
3L	15780653	15780653
3L	15781270	15781270
3L	15781271	15781271
3L	15783442	15783442
3L	15783717	15783717
3L	15784317	15784317
3L	15784331	15784331
3L	15784344	15784344
3L	15784855	15784855
3L	15792804	15792804
3L	15792966	15792966
3L	15793654	15793654
3L	15793860	15793860
3L	15794813	15794813
3L	15800156	15800156
3L	15800653	15800653
3L	15800668	15800668
3L	15824542	15824542
3L	15838306	15838306
3L	15838666	15838666
3L	15841836	15841836
3L	15841921	15841921
3L	15842039	15842039
3L	15852190	15852190
3L	15855955	15855955
3L	15856465	15856465
3L	15856607	15856607
3L	15856639	15856639
3L	15859752	15859752
3L	15865201	15865201
3L	15866715	15866715
3L	15866716	15866716
3L	15866720	15866720
3L	15868433	15868433
3L	15870557	15870557
3L	15871793	15871793
3L	15872944	15872944
3L	15873026	15873026
3L	15874917	15874917
3L	15877477	15877477
3L	15878575	15878575
3L	15880500	15880500
3L	15891003	15891003
3L	15891351	15891351
3L	15893900	15893900
3L	15898713	15898713
3L	15904057	15904057
3L	15904683	15904683
3L	15906239	15906239
3L	15908698	15908698
3L	15913391	15913391
3L	16333597	16333597
3L	16333603	16333603
3L	16354096	16354096
3L	16354134	16354134
3L	16423060	16423060
3L	16423891	16423891
3L	16450354	16450354
3L	16493804	16493804
3L	16496834	16496834
3L	16506039	16506039
3L	16506464	16506464
3L	16512321	16512321
3L	16512328	16512328
3L	16512329	16512329
3L	16538604	16538604
3L	16540451	16540451
3L	16565165	16565165
3L	17984420	17984420
3L	18210791	18210791
3L	18252639	18252639
3L	18254141	18254141
3L	18268650	18268650
3L	18272750	18272750
3L	18273743	18273743
3L	18308410	18308410
3L	18317167	18317167
3L	18320441	18320441
3L	18329584	18329584
3L	18341270	18341270
3L	18341349	18341349
3L	18341904	18341904
3L	18342928	18342928
3L	18343682	18343682
3L	18343933	18343933
3L	18350882	18350882
3L	18353684	18353684
3L	18353689	18353689
3L	18354052	18354052
3L	18362073	18362073
3L	18370375	18370375
3L	18371424	18371424
3L	18375529	18375529
3L	18391238	18391238
3L	18410125	18410125
3L	18418278	18418278
3L	18430547	18430547
3L	18430643	18430643
3L	18448784	18448784
3L	18448811	18448811
3L	18448814	18448814
3R	9938365	9938365
3R	10144793	10144793
3R	10158279	10158279
3R	10163206	10163206
3R	10168142	10168142
3R	10169517	10169517
3R	10176283	10176283
3R	10176318	10176318
3R	10183513	10183513
3R	10183531	10183531
3R	10183541	10183541
3R	10184447	10184447
3R	10184820	10184820
3R	10184847	10184847
3R	10190710	10190710
3R	10192114	10192114
3R	10211774	10211774
3R	10213431	10213431
3R	10215275	10215275
3R	10215280	10215280
3R	10218977	10218977
3R	10222355	10222355
3R	10224760	10224760
3R	10224794	10224794
3R	10224824	10224824
3R	13509773	13509773
3R	13580067	13580067
3R	13580075	13580075
3R	14074183	14074183
3R	14124199	14124199
3R	14125822	14125822
3R	14193341	14193341
3R	14207287	14207287
3R	14212359	14212359
3R	14340709	14340709
3R	14343576	14343576
3R	14353304	14353304
3R	14857640	14857640
3R	15278167	15278167
3R	15279203	15279203
3R	15282994	15282994
3R	15283238	15283238
3R	15299689	15299689
3R	15307026	15307026
3R	15314265	15314265
3R	15338648	15338648
3R	15349856	15349856
3R	15355161	15355161
3R	15357379	15357379
3R	15360053	15360053
3R	15371925	15371925
3R	15392437	15392437
3R	15392449	15392449
3R	15392862	15392862
3R	15393311	15393311
3R	15442468	15442468
3R	16028658	16028658
3R	16038817	16038817
3R	16071200	16071200
3R	16078351	16078351
3R	16084380	16084380
3R	16090279	16090279
3R	16118020	16118020
3R	16118028	16118028
3R	16129103	16129103
3R	16151456	16151456
3R	16152640	16152640
3R	16155788	16155788
3R	16155791	16155791
3R	16168743	16168743
3R	16193786	16193786
3R	16195353	16195353
3R	16199395	16199395
3R	16209962	16209962
3R	16210006	16210006
3R	16210078	16210078
3R	16210143	16210143
3R	16210151	16210151
3R	16215416	16215416
3R	16267461	16267461
3R	16318773	16318773
3R	16318775	16318775
3R	16318776	16318776
3R	16319796	16319796
3R	16328543	16328543
3R	16347059	16347059
3R	16380054	16380054
3R	16382689	16382689
3R	16387774	16387774
3R	16847516	16847516
3R	17085641	17085641
3R	17177123	17177123
3R	17177249	17177249
3R	17198091	17198091
3R	17198116	17198116
3R	17225706	17225706
3R	17225725	17225725
3R	17226698	17226698
3R	17226713	17226713
3R	17226855	17226855
3R	17227265	17227265
3R	17228058	17228058
3R	17228201	17228201
3R	17228275	17228275
3R	17232978	17232978
3R	17234568	17234568
3R	17234649	17234649
3R	17235398	17235398
3R	17273652	17273652
3R	17284718	17284718
3R	17291898	17291898
3R	17354337	17354337
3R	17480471	17480471
3R	17480672	17480672
3R	17480708	17480708
3R	17480754	17480754
3R	17480755	17480755
3R	17480775	17480775
3R	17480833	17480833
3R	17481830	17481830
3R	17481977	17481977
3R	17482058	17482058
3R	17482185	17482185
3R	17482412	17482412
3R	17482417	17482417
3R	17490277	17490277
3R	17495562	17495562
3R	17497495	17497495
3R	17533954	17533954
3R	17535882	17535882
3R	17536746	17536746
3R	17537098	17537098
3R	17537114	17537114
3R	17547602	17547602
3R	17548584	17548584
3R	17548679	17548679
3R	17561112	17561112
3R	17653798	17653798
3R	17858772	17858772
3R	17967548	17967548
3R	17985655	17985655
3R	18015826	18015826
3R	18440531	18440531
3R	18454112	18454112
3R	18457395	18457395
3R	18460274	18460274
3R	18460755	18460755
3R	18461329	18461329
3R	18462032	18462032
3R	18462495	18462495
3R	18462931	18462931
3R	18462948	18462948
3R	18463043	18463043
3R	18471524	18471524
3R	18476326	18476326
3R	18477955	18477955
3R	18478905	18478905
3R	18484057	18484057
3R	18484513	18484513
3R	18491403	18491403
3R	18491417	18491417
3R	18491432	18491432
3R	18493002	18493002
3R	18493059	18493059
3R	18494170	18494170
3R	18494250	18494250
3R	18495661	18495661
3R	18495763	18495763
3R	18496734	18496734
3R	18496785	18496785
3R	18503216	18503216
3R	18503485	18503485
3R	18503487	18503487
3R	18503488	18503488
3R	18503490	18503490
3R	18514916	18514916
3R	18516488	18516488
3R	18517141	18517141
3R	18517394	18517394
3R	18517628	18517628
3R	18518002	18518002
3R	18521153	18521153
3R	18521173	18521173
3R	18521181	18521181
3R	18521631	18521631
3R	18522253	18522253
3R	18529383	18529383
3R	18529584	18529584
3R	18530014	18530014
3R	18530144	18530144
3R	18530151	18530151
3R	18530187	18530187
3R	18530307	18530307
3R	18533003	18533003
3R	18555175	18555175
3R	18555182	18555182
3R	18555248	18555248
3R	18559861	18559861
3R	18571710	18571710
3R	18621477	18621477
3R	18623862	18623862
3R	18624039	18624039
3R	18627014	18627014
3R	18627072	18627072
3R	18631427	18631427
3R	18633194	18633194
3R	18633578	18633578
3R	18638668	18638668
3R	18639551	18639551
3R	18641514	18641514
3R	18641520	18641520
3R	18641521	18641521
3R	18643906	18643906
3R	18644359	18644359
3R	18645087	18645087
3R	18645095	18645095
3R	18645448	18645448
3R	18645852	18645852
3R	18645932	18645932
3R	18645942	18645942
3R	18648710	18648710
3R	18648711	18648711
3R	18659493	18659493
3R	18660157	18660157
3R	18661029	18661029
3R	18661510	18661510
3R	18664918	18664918
3R	18669029	18669029
3R	18673466	18673466
3R	18673605	18673605
3R	18673610	18673610
3R	18673670	18673670
3R	18673679	18673679
3R	18694681	18694681
3R	18696800	18696800
3R	18698260	18698260
3R	18701863	18701863
3R	18706464	18706464
3R	18719754	18719754
3R	18731764	18731764
3R	18737048	18737048
3R	18738106	18738106
3R	18844183	18844183
3R	18844281	18844281
3R	18858417	18858417
3R	18954779	18954779
3R	18954850	18954850
3R	18954854	18954854
3R	18990973	18990973
3R	18991094	18991094
3R	18997777	18997777
3R	19002691	19002691
3R	19003962	19003962
3R	19037065	19037065
3R	19037121	19037121
3R	19046430	19046430
3R	19046698	19046698
3R	19046971	19046971
3R	19047016	19047016
3R	19047205	19047205
3R	19069451	19069451
3R	19069452	19069452
3R	19115913	19115913
3R	19126303	19126303
3R	19126342	19126342
3R	19126537	19126537
3R	19126555	19126555
3R	19126561	19126561
3R	19126583	19126583
3R	19129371	19129371
3R	19142321	19142321
3R	19142977	19142977
3R	19169878	19169878
3R	19169921	19169921
3R	19169936	19169936
3R	19181069	19181069
3R	19181139	19181139
3R	19197775	19197775
3R	19199045	19199045
3R	19199798	19199798
3R	19204108	19204108
3R	19208225	19208225
3R	19212179	19212179
3R	19233702	19233702
3R	19234452	19234452
3R	19236669	19236669
3R	19236685	19236685
3R	19236732	19236732
3R	19262637	19262637
3R	19262643	19262643
3R	19276199	19276199
3R	19276889	19276889
3R	19277333	19277333
3R	19283726	19283726
3R	19283727	19283727
3R	19283731	19283731
3R	19284536	19284536
3R	19284588	19284588
3R	19294396	19294396
3R	19298930	19298930
3R	19299494	19299494
3R	19300172	19300172
3R	19300173	19300173
3R	19301671	19301671
3R	19301898	19301898
3R	19302211	19302211
3R	19302219	19302219
3R	19302234	19302234
3R	19388659	19388659
3R	20831846	20831846
3R	20879344	20879344
3R	20906682	20906682
3R	20918584	20918584
3R	20918613	20918613
3R	20918620	20918620
3R	20918720	20918720
3R	21347003	21347003
3R	22872675	22872675
3R	22907248	22907248
3R	22907266	22907266
3R	22908940	22908940
3R	22954423	22954423
3R	23039301	23039301
3R	23076853	23076853
3R	24299406	24299406
3R	24414809	24414809
3R	24461470	24461470
3R	24461609	24461609
3R	24481211	24481211
3R	24509745	24509745
3R	24510892	24510892
3R	25158564	25158564
3R	25179437	25179437
3R	25179448	25179448
3R	25194944	25194944
3R	25236962	25236962
3R	25238195	25238195
3R	25238196	25238196
3R	25295461	25295461
3R	25295483	25295483
3R	25295556	25295556
3R	25379804	25379804
3R	25379828	25379828
3R	25385808	25385808
3R	25386704	25386704
3R	25398937	25398937
3R	25426946	25426946
3R	25507743	25507743
3R	25507755	25507755
3R	25511339	25511339
3R	25515723	25515723
3R	25521168	25521168
3R	25538860	25538860
3R	25538897	25538897
3R	25539220	25539220
3R	25556394	25556394
3R	25556417	25556417
3R	25556762	25556762
3R	25560397	25560397
3R	25560669	25560669
3R	25560670	25560670
3R	25561470	25561470
3R	25568960	25568960
3R	25569341	25569341
3R	25569344	25569344
3R	25577015	25577015
3R	25586321	25586321
3R	25586343	25586343
3R	25586398	25586398
3R	25586416	25586416
3R	25586475	25586475
3R	25586478	25586478
3R	25586572	25586572
3R	25588160	25588160
3R	25588243	25588243
3R	25588363	25588363
3R	25588535	25588535
3R	25588822	25588822
3R	25591947	25591947
3R	25599668	25599668
3R	25599704	25599704
3R	25617919	25617919
3R	25618704	25618704
3R	25618706	25618706
3R	25618707	25618707
3R	25618780	25618780
3R	25626716	25626716
3R	25626758	25626758
3R	25627776	25627776
3R	25629491	25629491
3R	25635513	25635513
3R	25644940	25644940
3R	25645108	25645108
3R	25645132	25645132
3R	25645136	25645136
3R	25645176	25645176
3R	25645179	25645179
3R	25645211	25645211
3R	25645247	25645247
3R	25645379	25645379
3R	25645569	25645569
3R	25645575	25645575
3R	25645611	25645611
3R	25645803	25645803
3R	25645914	25645914
3R	25646097	25646097
3R	25649708	25649708
3R	25649749	25649749
3R	25650956	25650956
3R	25651091	25651091
3R	25651309	25651309
3R	25651316	25651316
3R	25651480	25651480
3R	25651521	25651521
3R	25651635	25651635
3R	25651643	25651643
3R	25651666	25651666
3R	25651750	25651750
3R	25653662	25653662
3R	25655059	25655059
3R	25655230	25655230
3R	25655231	25655231
3R	25655858	25655858
3R	25655867	25655867
3R	25656002	25656002
3R	25660518	25660518
3R	25662553	25662553
3R	25669700	25669700
3R	25671507	25671507
3R	25672880	25672880
3R	25672896	25672896
3R	25678716	25678716
3R	25678824	25678824
3R	25680053	25680053
3R	25680057	25680057
3R	25680141	25680141
3R	25680300	25680300
3R	25680475	25680475
3R	25681888	25681888
3R	25682075	25682075
3R	25693774	25693774
3R	25693797	25693797
3R	25693802	25693802
3R	25693810	25693810
3R	25694314	25694314
3R	25696461	25696461
3R	25696466	25696466
3R	25707680	25707680
3R	25707698	25707698
3R	25771377	25771377
3R	25775997	25775997
3R	25784164	25784164
3R	25784171	25784171
3R	25797199	25797199
3R	25827234	25827234
3R	25827245	25827245
3R	25843493	25843493
3R	25846656	25846656
3R	27037727	27037727
3R	27057487	27057487
3R	27060662	27060662
3R	27062077	27062077
3R	27065632	27065632
3R	27075523	27075523
3R	27076187	27076187
3R	27078369	27078369
3R	27078673	27078673
3R	27078694	27078694
3R	27079647	27079647
3R	27081966	27081966
3R	27081970	27081970
3R	27083957	27083957
3R	27084363	27084363
3R	27089029	27089029
3R	27483425	27483425
3R	27483496	27483496
3R	27532157	27532157
3R	27533287	27533287
3R	28379664	28379664
3R	28382221	28382221
3R	28387462	28387462
3R	28387478	28387478
3R	28387499	28387499
3R	28387510	28387510
3R	28387719	28387719
3R	28387735	28387735
3R	28388008	28388008
3R	28388112	28388112
3R	28388256	28388256
3R	28388278	28388278
3R	28388334	28388334
3R	28388376	28388376
3R	28392287	28392287
3R	28392972	28392972
3R	28394586	28394586
3R	28400455	28400455
3R	28403591	28403591
3R	28410070	28410070
3R	28416341	28416341
3R	28416344	28416344
3R	28416347	28416347
3R	28416470	28416470
3R	28416471	28416471
3R	28416482	28416482
3R	28416526	28416526
3R	28416553	28416553
3R	28416587	28416587
3R	28416590	28416590
3R	28416598	28416598
3R	28417678	28417678
3R	28419441	28419441
3R	28420321	28420321
3R	28424161	28424161
3R	28424194	28424194
3R	28425100	28425100
3R	28425111	28425111
3R	28425316	28425316
3R	28425333	28425333
3R	28425617	28425617
3R	28426186	28426186
3R	28427354	28427354
3R	28427410	28427410
3R	28429250	28429250
3R	28431428	28431428
3R	28436456	28436456
3R	28436588	28436588
3R	28437436	28437436
3R	28437519	28437519
3R	28437641	28437641
3R	28437811	28437811
3R	28437813	28437813
3R	28439986	28439986
3R	28439992	28439992
3R	28440052	28440052
3R	28440053	28440053
3R	28440057	28440057
3R	28440091	28440091
3R	28440097	28440097
3R	28440217	28440217
3R	28440234	28440234
3R	28441140	28441140
3R	28441187	28441187
3R	28442394	28442394
3R	28442503	28442503
3R	28454766	28454766
3R	28454873	28454873
3R	28455378	28455378
3R	28457739	28457739
3R	28461884	28461884
3R	28464418	28464418
3R	28464498	28464498
3R	28464668	28464668
3R	28464683	28464683
3R	28464899	28464899
3R	28465887	28465887
3R	28466549	28466549
3R	28466794	28466794
3R	28466849	28466849
3R	28467094	28467094
3R	28467393	28467393
3R	28467540	28467540
3R	28467586	28467586
3R	28467727	28467727
3R	28467739	28467739
3R	28467934	28467934
3R	28468692	28468692
3R	28468693	28468693
3R	28469612	28469612
3R	28469668	28469668
3R	28470417	28470417
3R	28471075	28471075
3R	28471088	28471088
3R	28477099	28477099
3R	28478419	28478419
3R	28478424	28478424
3R	28478457	28478457
3R	28478515	28478515
3R	28481691	28481691
3R	28481701	28481701
3R	28481702	28481702
3R	28481703	28481703
3R	28481713	28481713
3R	28481791	28481791
3R	28481798	28481798
3R	28482488	28482488
3R	28522947	28522947
3R	28526372	28526372
3R	28528133	28528133
3R	28528735	28528735
3R	28528738	28528738
3R	28528739	28528739
3R	28531249	28531249
3R	28531252	28531252
3R	28531259	28531259
3R	28531342	28531342
3R	28531632	28531632
3R	28531798	28531798
3R	28531804	28531804
3R	28532134	28532134
3R	28546619	28546619
3R	28546621	28546621
3R	28550896	28550896
3R	28561663	28561663
3R	28562273	28562273
3R	28562682	28562682
3R	28562872	28562872
3R	28562960	28562960
3R	28562968	28562968
3R	28562974	28562974
3R	28572176	28572176
3R	28572361	28572361
3R	28576218	28576218
3R	28576583	28576583
3R	28576603	28576603
3R	28580301	28580301
3R	28587574	28587574
3R	28589765	28589765
3R	28589769	28589769
3R	28589923	28589923
3R	28590258	28590258
3R	28590606	28590606
3R	28590884	28590884
3R	28591257	28591257
3R	28591911	28591911
3R	28592458	28592458
3R	28592516	28592516
3R	28593609	28593609
3R	29483348	29483348
3R	29483369	29483369
3R	29649171	29649171
3R	30673423	30673423
3R	30673433	30673433
3R	30701981	30701981
3R	30701990	30701990
3R	30702005	30702005
3R	30702016	30702016
3R	30702017	30702017
3R	30702036	30702036
3R	30702037	30702037
3R	30718847	30718847
3R	30726492	30726492
3R	30726495	30726495
3R	30729780	30729780
3R	30746532	30746532
3R	30749476	30749476
3R	30749673	30749673
3R	30749801	30749801
3R	30750358	30750358
3R	30750387	30750387
3R	30750413	30750413
3R	30758640	30758640
3R	30758646	30758646
3R	30758650	30758650
3R	30758692	30758692
X	2021255	2021255
X	2060228	2060228
X	2217355	2217355
X	2223547	2223547
X	2225506	2225506
X	2249879	2249879
X	2327776	2327776
X	2331867	2331867
X	2342559	2342559
X	2353698	2353698
X	2357266	2357266
X	2397761	2397761
X	2454714	2454714
X	2574681	2574681
X	2574686	2574686
X	2574692	2574692
X	2574771	2574771
X	2574773	2574773
X	2574774	2574774
X	2579773	2579773
X	2579800	2579800
X	2580061	2580061
X	2640086	2640086
X	2643812	2643812
X	2646500	2646500
X	2646522	2646522
X	2647105	2647105
X	2904477	2904477
X	2904686	2904686
X	2918798	2918798
X	2918812	2918812
X	2918833	2918833
X	2984228	2984228
X	2994098	2994098
X	2996848	2996848
X	2996904	2996904
X	3002644	3002644
X	3002680	3002680
X	3002728	3002728
X	3002729	3002729
X	3002863	3002863
X	3002904	3002904
X	3002970	3002970
X	3006640	3006640
X	3027944	3027944
X	3053486	3053486
X	3053496	3053496
X	3053505	3053505
X	3053526	3053526
X	3053532	3053532
X	3098717	3098717
X	3113195	3113195
X	3116684	3116684
X	3119315	3119315
X	3119737	3119737
X	3125388	3125388
X	3126586	3126586
X	3149153	3149153
X	3149154	3149154
X	3152660	3152660
X	3154017	3154017
X	3165991	3165991
X	3166006	3166006
X	3198733	3198733
X	3205590	3205590
X	3214414	3214414
X	3214486	3214486
X	3214605	3214605
X	3215262	3215262
X	3234392	3234392
X	3250828	3250828
X	3250851	3250851
X	3250882	3250882
X	3256236	3256236
X	3259226	3259226
X	4431068	4431068
X	4437139	4437139
X	4521832	4521832
X	4628090	4628090
X	4630803	4630803
X	4630863	4630863
X	5475229	5475229
X	5475232	5475232
X	13478634	13478634
X	13479503	13479503
X	13479581	13479581
X	13479604	13479604
X	13479926	13479926
X	13480204	13480204
X	13480603	13480603
X	13480997	13480997
X	13481236	13481236
X	13481257	13481257
X	13481505	13481505
X	13481776	13481776
X	13481849	13481849
X	13481863	13481863
X	13481943	13481943
X	13484990	13484990
X	13976283	13976283
X	13976334	13976334
X	13976898	13976898
X	13977165	13977165
X	13977242	13977242
X	13977742	13977742
X	13978390	13978390
X	13978391	13978391
X	13978505	13978505
X	13978521	13978521
X	13979799	13979799
X	13980175	13980175
X	13980504	13980504
X	13981941	13981941
X	13982168	13982168
X	13982359	13982359
X	13982483	13982483
X	14378378	14378378
X	14382459	14382459
X	14385663	14385663
X	14389903	14389903
X	14389971	14389971
X	14390813	14390813
X	14390927	14390927
X	14391155	14391155
X	14391211	14391211
X	14391315	14391315
X	14391329	14391329
X	14392423	14392423
X	14393450	14393450
X	14393519	14393519
X	14393744	14393744
X	14393926	14393926
X	14394471	14394471
X	14396228	14396228
X	14396295	14396295
X	14396296	14396296
X	14396309	14396309
X	14396318	14396318
X	14396384	14396384
X	14396634	14396634
X	14398751	14398751
X	14398768	14398768
X	14398782	14398782
X	14398906	14398906
X	14399686	14399686
X	14401811	14401811
X	14401882	14401882
X	14403502	14403502
X	14403828	14403828
X	14404175	14404175
X	14405945	14405945
X	14406201	14406201
X	14406318	14406318
X	14406345	14406345
X	14408836	14408836
X	14409865	14409865
X	14410190	14410190
X	14411892	14411892
X	14413675	14413675
X	14413922	14413922
X	14413930	14413930
X	14414522	14414522
X	14414721	14414721
X	14415976	14415976
X	14415984	14415984
X	14421665	14421665
X	14421986	14421986
X	14422192	14422192
X	14422286	14422286
X	14423445	14423445
X	14429533	14429533
X	14431006	14431006
X	14431007	14431007
X	14431023	14431023
X	14431076	14431076
X	14431081	14431081
X	14436358	14436358
X	14436830	14436830
X	14437518	14437518
X	14438962	14438962
X	14439263	14439263
X	14440422	14440422
X	14442883	14442883
X	14442899	14442899
X	14443372	14443372
X	14445509	14445509
X	14445771	14445771
X	14447404	14447404
X	14447407	14447407
X	14447640	14447640
X	14447645	14447645
X	14447657	14447657
X	14447674	14447674
X	14447675	14447675
X	14447752	14447752
X	14447762	14447762
X	14447796	14447796
X	14448388	14448388
X	14448435	14448435
X	14448450	14448450
X	14448455	14448455
X	14448460	14448460
X	14448477	14448477
X	14448483	14448483
X	14448576	14448576
X	14448974	14448974
X	14449763	14449763
X	14449957	14449957
X	14449981	14449981
X	14450263	14450263
X	14450307	14450307
X	14450849	14450849
X	14450857	14450857
X	14450996	14450996
X	14451010	14451010
X	14451201	14451201
X	14451257	14451257
X	14451312	14451312
X	14451419	14451419
X	14451458	14451458
X	14451607	14451607
X	14451893	14451893
X	14451904	14451904
X	14451907	14451907
X	14451978	14451978
X	14452065	14452065
X	14452066	14452066
X	14452071	14452071
X	14452103	14452103
X	14452113	14452113
X	14452227	14452227
X	14452237	14452237
X	14452625	14452625
X	14452744	14452744
X	14452777	14452777
X	14453351	14453351
X	14453359	14453359
X	14453428	14453428
X	14453626	14453626
X	14453729	14453729
X	14453906	14453906
X	14454398	14454398
X	14454468	14454468
X	14454634	14454634
X	14454793	14454793
X	14454806	14454806
X	14454825	14454825
X	14454837	14454837
X	14455776	14455776
X	14456064	14456064
X	14456160	14456160
X	14456390	14456390
X	14456433	14456433
X	14457946	14457946
X	14458178	14458178
X	14462846	14462846
X	14462856	14462856
X	14462865	14462865
X	14463002	14463002
X	14463005	14463005
X	14463008	14463008
X	14463067	14463067
X	14463144	14463144
X	14463189	14463189
X	14463197	14463197
X	14464330	14464330
X	14465962	14465962
X	14466424	14466424
X	14466856	14466856
X	14467072	14467072
X	14467079	14467079
X	14467093	14467093
X	14467094	14467094
X	14467099	14467099
X	14467103	14467103
X	14467106	14467106
X	14467133	14467133
X	14468264	14468264
X	14468364	14468364
X	14468365	14468365
X	14468396	14468396
X	14469232	14469232
X	14471874	14471874
X	14473240	14473240
X	14476060	14476060
X	14477541	14477541
X	14477542	14477542
X	14477546	14477546
X	14477548	14477548
X	14477589	14477589
X	14477609	14477609
X	14477626	14477626
X	14477627	14477627
X	14477640	14477640
X	14478247	14478247
X	14478613	14478613
X	14478622	14478622
X	14478623	14478623
X	14478869	14478869
X	14478970	14478970
X	14479076	14479076
X	14479303	14479303
X	14479406	14479406
X	14479417	14479417
X	14479572	14479572
X	14479882	14479882
X	14479933	14479933
X	14480676	14480676
X	14480726	14480726
X	14480740	14480740
X	14480741	14480741
X	14480829	14480829
X	14480849	14480849
X	14481043	14481043
X	14481108	14481108
X	14481255	14481255
X	14481457	14481457
X	14481556	14481556
X	14481660	14481660
X	14481721	14481721
X	14481729	14481729
X	14481755	14481755
X	14481861	14481861
X	14482531	14482531
X	14482546	14482546
X	14482551	14482551
X	14482553	14482553
X	14482556	14482556
X	14482663	14482663
X	14482667	14482667
X	14482674	14482674
X	14482677	14482677
X	14482689	14482689
X	14482690	14482690
X	14482707	14482707
X	14482729	14482729
X	14482747	14482747
X	14483263	14483263
X	14483295	14483295
X	14483411	14483411
X	14483446	14483446
X	14483591	14483591
X	14483990	14483990
X	14484262	14484262
X	14484811	14484811
X	14485184	14485184
X	14485413	14485413
X	14485889	14485889
X	14486325	14486325
X	14486514	14486514
X	14486659	14486659
X	14487206	14487206
X	14487347	14487347
X	14487515	14487515
X	14487519	14487519
X	14487520	14487520
X	14487598	14487598
X	14489537	14489537
X	14491006	14491006
X	14491014	14491014
X	14491022	14491022
X	14491030	14491030
X	14491249	14491249
X	14491262	14491262
X	14491454	14491454
X	14492184	14492184
X	14492759	14492759
X	14493650	14493650
X	14493823	14493823
X	14494953	14494953
X	14495377	14495377
X	14496124	14496124
X	14496125	14496125
X	14496327	14496327
X	14496501	14496501
X	14496857	14496857
X	14497161	14497161
X	14497187	14497187
X	14497401	14497401
X	14497402	14497402
X	14497444	14497444
X	14497978	14497978
X	14497988	14497988
X	14498532	14498532
X	14498538	14498538
X	14498613	14498613
X	14498645	14498645
X	14498649	14498649
X	14498650	14498650
X	14498697	14498697
X	14498728	14498728
X	14498729	14498729
X	14498760	14498760
X	14498795	14498795
X	14498899	14498899
X	14498906	14498906
X	14499259	14499259
X	14499269	14499269
X	14499573	14499573
X	14500305	14500305
X	14500399	14500399
X	14500484	14500484
X	14500590	14500590
X	14500597	14500597
X	14500598	14500598
X	14501056	14501056
X	14501141	14501141
X	14501153	14501153
X	14501157	14501157
X	14501158	14501158
X	14501166	14501166
X	14501169	14501169
X	14501200	14501200
X	14501626	14501626
X	14501673	14501673
X	14501701	14501701
X	14501790	14501790
X	14503669	14503669
X	14503886	14503886
X	14503887	14503887
X	14504172	14504172
X	14504307	14504307
X	14504312	14504312
X	14504320	14504320
X	14504393	14504393
X	14504458	14504458
X	14504483	14504483
X	14504489	14504489
X	14504509	14504509
X	14504513	14504513
X	14504534	14504534
X	14504750	14504750
X	14504763	14504763
X	14504776	14504776
X	14504784	14504784
X	14504792	14504792
X	14504798	14504798
X	14504821	14504821
X	14505000	14505000
X	14505068	14505068
X	14505738	14505738
X	14505749	14505749
X	14505776	14505776
X	14505790	14505790
X	14505813	14505813
X	14505930	14505930
X	14505933	14505933
X	14506022	14506022
X	14506040	14506040
X	14506163	14506163
X	14506420	14506420
X	14506511	14506511
X	14506514	14506514
X	14507452	14507452
X	14508129	14508129
X	14508193	14508193
X	14508201	14508201
X	14508206	14508206
X	14508802	14508802
X	14508803	14508803
X	14508806	14508806
X	14508902	14508902
X	14508919	14508919
X	14508936	14508936
X	14508938	14508938
X	14509003	14509003
X	14509044	14509044
X	14509095	14509095
X	14509554	14509554
X	14509568	14509568
X	14511306	14511306
X	14511315	14511315
X	14511332	14511332
X	14511420	14511420
X	14511464	14511464
X	14511468	14511468
X	14511800	14511800
X	14511985	14511985
X	14512002	14512002
X	14512020	14512020
X	14512025	14512025
X	14512031	14512031
X	14512048	14512048
X	14512422	14512422
X	14512433	14512433
X	14512442	14512442
X	14512473	14512473
X	14512481	14512481
X	14512496	14512496
X	14512558	14512558
X	14513548	14513548
X	14513549	14513549
X	14513550	14513550
X	14513579	14513579
X	14513608	14513608
X	14513612	14513612
X	14513706	14513706
X	14513987	14513987
X	14514304	14514304
X	14514551	14514551
X	14514563	14514563
X	14514595	14514595
X	14514599	14514599
X	14514654	14514654
X	14514668	14514668
X	14515076	14515076
X	14515226	14515226
X	14515344	14515344
X	14515679	14515679
X	14515800	14515800
X	14516627	14516627
X	14517275	14517275
X	14517283	14517283
X	14517301	14517301
X	14517494	14517494
X	14517926	14517926
X	14517943	14517943
X	14517957	14517957
X	14517961	14517961
X	14518049	14518049
X	14518207	14518207
X	14518239	14518239
X	14518338	14518338
X	14518346	14518346
X	14519143	14519143
X	14520716	14520716
X	14522341	14522341
X	14522580	14522580
X	14522592	14522592
X	14523645	14523645
X	14523699	14523699
X	14523709	14523709
X	14523724	14523724
X	14523745	14523745
X	14523804	14523804
X	14525587	14525587
X	14525689	14525689
X	14526108	14526108
X	14527336	14527336
X	14527871	14527871
X	14529260	14529260
X	14529287	14529287
X	14530470	14530470
X	14530475	14530475
X	14530480	14530480
X	14530493	14530493
X	14530494	14530494
X	14530585	14530585
X	14530622	14530622
X	14531749	14531749
X	14531816	14531816
X	14532500	14532500
X	14533327	14533327
X	14533787	14533787
X	14533790	14533790
X	14533793	14533793
X	14533795	14533795
X	14533920	14533920
X	14534037	14534037
X	14534081	14534081
X	14534105	14534105
X	14534236	14534236
X	14534727	14534727
X	14534813	14534813
X	14534925	14534925
X	14534955	14534955
X	14534983	14534983
X	14535200	14535200
X	14535317	14535317
X	14535321	14535321
X	14537216	14537216
X	14537233	14537233
X	14540305	14540305
X	14540833	14540833
X	14542847	14542847
X	14544460	14544460
X	14544488	14544488
X	14544515	14544515
X	14544827	14544827
X	14544931	14544931
X	14544962	14544962
X	14545090	14545090
X	14545237	14545237
X	14545299	14545299
X	14545335	14545335
X	14545466	14545466
X	14545494	14545494
X	14545552	14545552
X	14545691	14545691
X	14545778	14545778
X	14545779	14545779
X	14545781	14545781
X	14546236	14546236
X	14546239	14546239
X	14546470	14546470
X	14546479	14546479
X	14546480	14546480
X	14546496	14546496
X	14547277	14547277
X	14547290	14547290
X	14547341	14547341
X	14547363	14547363
X	14547384	14547384
X	14547408	14547408
X	14547413	14547413
X	14547433	14547433
X	14547842	14547842
X	14548133	14548133
X	14548142	14548142
X	14548174	14548174
X	14548182	14548182
X	14548207	14548207
X	14548435	14548435
X	14549080	14549080
X	14549118	14549118
X	14549160	14549160
X	14549161	14549161
X	14549167	14549167
X	14549168	14549168
X	14549173	14549173
X	14549217	14549217
X	14549427	14549427
X	14549546	14549546
X	14550019	14550019
X	14551391	14551391
X	14559467	14559467
X	14559559	14559559
X	14559562	14559562
X	14560234	14560234
X	14560251	14560251
X	14561964	14561964
X	14562414	14562414
X	14562567	14562567
X	14563616	14563616
X	14563895	14563895
X	14563899	14563899
X	14563933	14563933
X	14563937	14563937
X	14563964	14563964
X	14563967	14563967
X	14564154	14564154
X	14564172	14564172
X	14564271	14564271
X	14564309	14564309
X	14564310	14564310
X	14564572	14564572
X	14564583	14564583
X	14564596	14564596
X	14564600	14564600
X	14564604	14564604
X	14564609	14564609
X	14564621	14564621
X	14564737	14564737
X	14564740	14564740
X	14566230	14566230
X	14566235	14566235
X	14566239	14566239
X	14566341	14566341
X	14566346	14566346
X	14566354	14566354
X	14566476	14566476
X	14567729	14567729
X	14568683	14568683
X	14568831	14568831
X	14568908	14568908
X	14569157	14569157
X	14569242	14569242
X	14569254	14569254
X	14569255	14569255
X	14569271	14569271
X	14569275	14569275
X	14569424	14569424
X	14569460	14569460
X	14569879	14569879
X	14570052	14570052
X	14570275	14570275
X	14570572	14570572
X	14570786	14570786
X	14570947	14570947
X	14570986	14570986
X	14571002	14571002
X	14571015	14571015
X	14571025	14571025
X	14571026	14571026
X	14571458	14571458
X	14571459	14571459
X	14571460	14571460
X	14571622	14571622
X	14572721	14572721
X	14574595	14574595
X	14574785	14574785
X	14574804	14574804
X	14574814	14574814
X	14574871	14574871
X	14575228	14575228
X	14575267	14575267
X	14575404	14575404
X	14575406	14575406
X	14575478	14575478
X	14575567	14575567
X	14575773	14575773
X	14575830	14575830
X	14575845	14575845
X	14575901	14575901
X	14575968	14575968
X	14575970	14575970
X	14576209	14576209
X	14576618	14576618
X	14576627	14576627
X	14576636	14576636
X	14576637	14576637
X	14576667	14576667
X	14576744	14576744
X	14576745	14576745
X	14576804	14576804
X	14576806	14576806
X	14576974	14576974
X	14576999	14576999
X	14580125	14580125
X	14581081	14581081
X	14581098	14581098
X	14581216	14581216
X	14581224	14581224
X	14581315	14581315
X	14581369	14581369
X	14581412	14581412
X	14581413	14581413
X	14581539	14581539
X	14581541	14581541
X	14581548	14581548
X	14581693	14581693
X	14581695	14581695
X	14581699	14581699
X	14581985	14581985
X	14582528	14582528
X	14582552	14582552
X	14588603	14588603
X	14588761	14588761
X	14588762	14588762
X	14588897	14588897
X	14589136	14589136
X	14590128	14590128
X	14591670	14591670
X	14592361	14592361
X	14595409	14595409
X	14595531	14595531
X	14596939	14596939
X	14597825	14597825
X	14598553	14598553
X	14598703	14598703
X	14599199	14599199
X	14599307	14599307
X	14599854	14599854
X	14602145	14602145
X	14606744	14606744
X	14606999	14606999
X	14607130	14607130
X	14608052	14608052
X	14608529	14608529
X	14608552	14608552
X	14608565	14608565
X	14609323	14609323
X	14609354	14609354
X	14610070	14610070
X	14610782	14610782
X	14611349	14611349
X	14611974	14611974
X	14611975	14611975
X	14611988	14611988
X	14613302	14613302
X	14613319	14613319
X	14613394	14613394
X	14613461	14613461
X	14616518	14616518
X	14617195	14617195
X	14617371	14617371
X	14617501	14617501
X	14617546	14617546
X	14618420	14618420
X	14619007	14619007
X	14619364	14619364
X	14619620	14619620
X	14619729	14619729
X	14619757	14619757
X	14620087	14620087
X	14620160	14620160
X	14620161	14620161
X	14620379	14620379
X	14620451	14620451
X	14620788	14620788
X	14620916	14620916
X	14620954	14620954
X	14620962	14620962
X	14621029	14621029
X	14621321	14621321
X	14621384	14621384
X	14621390	14621390
X	14622423	14622423
X	14622430	14622430
X	14622628	14622628
X	14622807	14622807
X	14622815	14622815
X	14624373	14624373
X	14624481	14624481
X	14626309	14626309
X	14626793	14626793
X	14626813	14626813
X	14627358	14627358
X	14627801	14627801
X	14628509	14628509
X	14628660	14628660
X	14628713	14628713
X	14629054	14629054
X	14629407	14629407
X	14630116	14630116
X	14632103	14632103
X	14632650	14632650
X	14633827	14633827
X	14633948	14633948
X	14633973	14633973
X	14634022	14634022
X	14634264	14634264
X	14634429	14634429
X	14634432	14634432
X	14634462	14634462
X	14634605	14634605
X	14634613	14634613
X	14635478	14635478
X	14642433	14642433
X	14644107	14644107
X	14644192	14644192
X	14645481	14645481
X	14647381	14647381
X	14647547	14647547
X	14647916	14647916
X	14648007	14648007
X	14648157	14648157
X	14648521	14648521
X	14648687	14648687
X	14648837	14648837
X	14648891	14648891
X	14649085	14649085
X	14649496	14649496
X	14649503	14649503
X	14652192	14652192
X	14657031	14657031
X	14657259	14657259
X	14657264	14657264
X	14657283	14657283
X	14657798	14657798
X	14658831	14658831
X	14659718	14659718
X	14660766	14660766
X	14660991	14660991
X	14661429	14661429
X	14661463	14661463
X	14661554	14661554
X	14661694	14661694
X	14662216	14662216
X	14662217	14662217
X	14767959	14767959
X	14785411	14785411
X	14786672	14786672
X	14787610	14787610
X	14790006	14790006
X	14790072	14790072
X	14791076	14791076
X	14791190	14791190
X	14791679	14791679
X	14791727	14791727
X	14791739	14791739
X	14794146	14794146
X	14794196	14794196
X	14794198	14794198
X	14794232	14794232
X	14796442	14796442
X	14810190	14810190
X	14811121	14811121
X	14826193	14826193
X	14826373	14826373
X	14826377	14826377
X	14826384	14826384
X	14826391	14826391
X	14826398	14826398
X	14826415	14826415
X	14826418	14826418
X	14826452	14826452
X	14834042	14834042
X	14857706	14857706
X	14858707	14858707
X	14872543	14872543
X	14872758	14872758
X	14872888	14872888
X	14874706	14874706
X	14889831	14889831
X	14889993	14889993
X	14891749	14891749
X	14891757	14891757
X	14893975	14893975
X	14896191	14896191
X	14896748	14896748
X	14897273	14897273
X	14897281	14897281
X	14897331	14897331
X	14897740	14897740
X	14897813	14897813
X	14897816	14897816
X	14897820	14897820
X	14898381	14898381
X	14898382	14898382
X	14898630	14898630
X	14899009	14899009
X	14899214	14899214
X	14899279	14899279
X	14902353	14902353
X	14903384	14903384
X	14903422	14903422
X	14904032	14904032
X	14904508	14904508
X	14905148	14905148
X	14908066	14908066
X	14908215	14908215
X	14909076	14909076
X	14910790	14910790
X	14911072	14911072
X	14911092	14911092
X	14911169	14911169
X	14911723	14911723
X	14911761	14911761
X	14911784	14911784
X	14912158	14912158
X	14912167	14912167
X	14912198	14912198
X	14912464	14912464
X	14912857	14912857
X	14912863	14912863
X	14914632	14914632
X	14917261	14917261
X	14917264	14917264
X	14917944	14917944
X	14917947	14917947
X	14918103	14918103
X	14918118	14918118
X	14918191	14918191
X	14918205	14918205
X	14922618	14922618
X	14929082	14929082
X	14932564	14932564
X	14932615	14932615
X	14932668	14932668
X	14932709	14932709
X	14947068	14947068
X	14947228	14947228
X	14947834	14947834
X	14949032	14949032
X	14949049	14949049
X	14949072	14949072
X	14949481	14949481
X	14949578	14949578
X	14949623	14949623
X	14949910	14949910
X	14949935	14949935
X	14949974	14949974
X	14950160	14950160
X	14950175	14950175
X	14950180	14950180
X	14950189	14950189
X	14950298	14950298
X	14951491	14951491
X	14965723	14965723
X	14965769	14965769
X	14968810	14968810
X	14968820	14968820
X	14974931	14974931
X	14978779	14978779
X	14978930	14978930
X	14979045	14979045
X	14984464	14984464
X	14986824	14986824
X	14987869	14987869
X	14989191	14989191
X	14989268	14989268
X	14989317	14989317
X	14989363	14989363
X	14989452	14989452
X	14990025	14990025
X	14992775	14992775
X	14994997	14994997
X	14995013	14995013
X	14995160	14995160
X	14995470	14995470
X	14995552	14995552
X	14995553	14995553
X	14995757	14995757
X	14995766	14995766
X	14995771	14995771
X	14995776	14995776
X	14995789	14995789
X	14997898	14997898
X	14997911	14997911
X	15008367	15008367
X	15010913	15010913
X	15010916	15010916
X	15014830	15014830
X	15019704	15019704
X	15020680	15020680
X	15024894	15024894
X	15033739	15033739
X	15033757	15033757
X	15033760	15033760
X	15033766	15033766
X	15033772	15033772
X	15033786	15033786
X	15048942	15048942
X	15049133	15049133
X	15059753	15059753
X	15060433	15060433
X	15060596	15060596
X	15060599	15060599
X	15061221	15061221
X	15068491	15068491
X	15068759	15068759
X	15069167	15069167
X	15069192	15069192
X	15071182	15071182
X	15071363	15071363
X	15072962	15072962
X	15074400	15074400
X	15078707	15078707
X	15078708	15078708
X	15082687	15082687
X	15082713	15082713
X	15092117	15092117
X	15095910	15095910
X	15095921	15095921
X	15096111	15096111
X	15096119	15096119
X	15096241	15096241
X	15098255	15098255
X	15098267	15098267
X	15098860	15098860
X	15099320	15099320
X	15099354	15099354
X	15099388	15099388
X	15099887	15099887
X	15099941	15099941
X	15099980	15099980
X	15099983	15099983
X	15099986	15099986
X	15100010	15100010
X	15100028	15100028
X	15100035	15100035
X	15100079	15100079
X	15101195	15101195
X	15102030	15102030
X	15102307	15102307
X	15102315	15102315
X	15102532	15102532
X	15102930	15102930
X	15105316	15105316
X	15105318	15105318
X	15105381	15105381
X	15111545	15111545
X	15112282	15112282
X	15115110	15115110
X	15115113	15115113
X	15115594	15115594
X	15115609	15115609
X	15115684	15115684
X	15115693	15115693
X	15115699	15115699
X	15119839	15119839
X	15120666	15120666
X	15121791	15121791
X	15121800	15121800
X	15123275	15123275
X	15123298	15123298
X	15123340	15123340
X	15615323	15615323
X	15825032	15825032
X	15829250	15829250
X	15829328	15829328
X	15829337	15829337
X	15830093	15830093
X	15832132	15832132
X	15833156	15833156
X	19625816	19625816
X	19635199	19635199
X	19642371	19642371
